Brand,Model,Storage ,RAM ,Screen Size (inches),Camera (MP),Battery Capacity (mAh),Price ($),battery_power,talk_time,dual_sim
Apple,iPhone 13 Pro,128 GB,6 GB,6.1,12 + 12 + 12,3095,999,842,19,0
Samsung,Galaxy S21 Ultra,256 GB,12 GB,6.8,108 + 10 + 10 + 12,5000,1199,1021,7,1
OnePlus,9 Pro,128 GB,8 GB,6.7,48 + 50 + 8 + 2,4500,899,563,9,1
Xiaomi,Redmi Note 10 Pro,128 GB,6 GB,6.67,64 + 8 + 5 + 2,5020,279,615,11,0
Google,Pixel 6,128 GB,8 GB,6.4,50 + 12.2,4614,799,1821,15,0
Apple,iPhone 13,128 GB,4 GB,6.1,12 + 12,2815,799,1859,10,1
Samsung,Galaxy Z Flip3,256 GB,8 GB,6.7,12 + 12,3300,999,1821,18,0
Xiaomi,Poco X3 Pro,128 GB,6 GB,6.67,48 + 8 + 2 + 2,5160,249,1954,5,1
Oppo,Reno6 Pro+ 5G,128 GB,8 GB,6.55,50 + 13 + 16 + 2,4500,699,1445,20,0
Vivo,X70 Pro+,256 GB,12 GB,6.78,50 + 48 + 12 + 8,4500,1199,509,12,1
OnePlus,Nord CE 5G,128 GB,6 GB,6.43,64 + 8 + 2,4500,329,769,7,1
Samsung,Galaxy A52s 5G,128 GB,6 GB,6.5,64 + 12 + 5 + 5,4500,449,1520,13,0
Realme,GT Neo2,128 GB,8 GB,6.62,64 + 8 + 2,5000,329,1815,2,0
Apple,iPhone 12 Mini,64 GB,4 GB,5.4,12 + 12,2227,699,803,4,0
Oppo,Find X3 Pro,256 GB,12 GB,6.7,50 + 50 + 13 + 3,4500,1199,1866,3,0
Xiaomi,Mi 11 Lite 5G NE,128 GB,6 GB,6.55,64 + 8 + 5,4250,329,775,11,0
Samsung,Galaxy S21,128 GB,8 GB,6.2,64 + 12 + 12,4000,799,838,19,0
Vivo,Y20s (G),128 GB,6 GB,6.51,50 + 2 + 2,5000,199,595,18,1
Realme,8s 5G,128 GB,6 GB,6.5,48 + 2 + 2,5000,299,1131,16,1
Oppo,A94,128 GB,8 GB,6.43,48 + 8 + 2 + 2,4310,379,682,18,0
Xiaomi,Redmi 10 Prime,128 GB,6 GB,6.5,50 + 8 + 2 + 2,6000,179,772,3,1
Samsung,Galaxy A22 5G,128 GB,4 GB,6.6,48 + 5,5000,279,1709,15,0
Realme,Narzo 50 Pro 5G,128 GB,6 GB,6.5,48 + 50 + 2,5000,249,1949,20,1
OnePlus,9,128 GB,8 GB,6.55,48 + 50 + 2,4500,729,1602,20,1
Xiaomi,Redmi Note 10 Pro Max,128 GB,6 GB,6.67,108 + 8 + 5 + 2,5020,279,503,12,1
Apple,iPhone 11,64 GB,4 GB,6.1,12 + 12,3110,599,961,7,1
Samsung,Galaxy A03s,32 GB,3 GB,6.5,13 + 2 + 2,5000,139,519,4,1
Oppo,A74 5G,128 GB,6 GB,6.5,48 + 2 + 2,5000,299,956,12,0
Vivo,Y12s (2021),32 GB,3 GB,6.51,13 + 2,5000,139,1453,10,1
Realme,9i,128 GB,4 GB,6.5,50 + 2 + 2,6000,189,851,10,0
Samsung,Galaxy M52 5G,128 GB,6 GB,6.7,64 + 12 + 5 + 5,5000,449,1579,12,1
Xiaomi,Redmi 10,128 GB,4 GB,6.5,50 + 8 + 2 + 2,5000,179,1568,6,0
Apple,iPhone SE (2nd Gen),64 GB,3 GB,4.7,12,1821,399,1319,3,0
Oppo,A53s,128 GB,6 GB,6.5,13 + 2 + 2,5000,259,1310,12,1
Vivo,Y33s,128 GB,8 GB,6.58,50 + 2 + 2,5000,279,644,15,0
Realme,C25s,128 GB,4 GB,6.5,13 + 2 + 2,6000,159,725,15,1
Samsung,Galaxy A22 4G,128 GB,6 GB,6.4,48 + 5 + 2,5000,229,589,2,1
OnePlus,Nord 2 5G,128 GB,8 GB,6.43,50 + 8 + 2,4500,399,1725,4,1
Xiaomi,Poco M3 Pro 5G,64 GB,4 GB,6.5,48 + 2 + 2,5000,199,790,2,1
Apple,iPhone XR,64 GB,3 GB,6.1,12,2942,499,560,11,1
Oppo,A16,64 GB,3 GB,6.52,13 + 2 + 2,5000,159,1347,11,0
Realme,C21Y,64 GB,4 GB,6.5,13 + 2 + 2,5000,129,1646,19,0
Samsung,Galaxy F22,64 GB,4 GB,6.4,48 + 8 + 2 + 2,6000,189,1253,4,1
Oppo,F19 Pro+ 5G,128 GB,8 GB,6.43,64 + 8 + 2 + 2,4310,399,1656,14,0
Xiaomi,Mi 11X,128 GB,8 GB,6.67,48 + 8 + 5,4520,529,1195,12,0
Apple,iPhone 12 Mini,64 GB,4 GB,5.4,12 + 12,2227,699,1514,20,0
Vivo,V21e,128 GB,8 GB,6.44,64 + 8,4000,369,1723,3,1
Realme,8 5G,128 GB,4 GB,6.5,48 + 2 + 2,5000,199,1054,12,1
Samsung,Galaxy M12,64 GB,4 GB,6.5,48 + 5 + 2 + 2,6000,159,578,5,1
Oppo,A16s,64 GB,4 GB,6.52,13 + 2 + 2,5000,179,596,10,1
Xiaomi,Redmi 9 Power,128 GB,4 GB,6.53,48 + 8 + 2 + 2,6000,189,1547,15,1
Apple,iPhone 11 Pro Max,256 GB,4 GB,6.5,12 + 12 + 12,3969,1099,1760,16,1
Vivo,Y20G,64 GB,4 GB,6.51,13 + 2 + 2,5000,169,1654,10,1
Realme,Narzo 50i,32 GB,2 GB,6.5,50 + 2,5000,99,1457,12,1
Samsung,Galaxy A52s 5G,128 GB,6 GB,6.5,64 + 12 + 5 + 5,4500,459,1073,18,1
Oppo,A54,128 GB,4 GB,6.51,13 + 2 + 2,5000,239,1936,13,1
Xiaomi,Redmi 9T,128 GB,4 GB,6.53,48 + 8 + 2 + 2,6000,199,823,17,1
Apple,iPhone 13 Pro Max,256 GB,6 GB,6.7,12 + 12 + 12,4352,1299,987,20,1
Vivo,Y33,128 GB,8 GB,6.58,50 + 2 + 2,5000,249,1757,4,0
Samsung,Galaxy A72,128 GB,8 GB,6.7,64 + 12 + 8 + 5,5000,429,1063,9,1
Oppo,Reno6 Pro 5G,128 GB,12 GB,6.55,64 + 8 + 2 + 2,4500,659,1484,20,0
Xiaomi,Poco M3 Pro 5G,64 GB,4 GB,6.5,48 + 2 + 2,5000,199,799,6,0
Apple,iPhone SE (2020),64 GB,3 GB,4.7,12,1821,399,1156,15,1
Vivo,Y53s,128 GB,8 GB,6.58,64 + 2,5000,269,1720,5,0
Realme,7i,128 GB,8 GB,6.5,64 + 8 + 2 + 2,5000,239,702,19,1
Samsung,Galaxy A52 5G,128 GB,6 GB,6.5,64 + 12 + 5 + 5,4500,449,616,13,1
Oppo,F19 Pro,128 GB,8 GB,6.43,48 + 8 + 2 + 2,4310,359,1358,4,0
Xiaomi,Redmi Note 10S,128 GB,6 GB,6.43,64 + 8 + 2 + 2,5000,229,1866,8,0
Apple,iPhone XR,64 GB,3 GB,6.1,12 + 12,2942,499,1242,4,1
Vivo,Y21s,128 GB,4 GB,6.51,50 + 2,5000,179,1166,7,1
Realme,C25s,128 GB,4 GB,6.5,13 + 2 + 2,6000,169,1448,2,1
Samsung,Galaxy A22 5G,128 GB,4 GB,6.6,48 + 5 + 2,5000,239,1407,13,0
Oppo,A94,128 GB,8 GB,6.43,48 + 8 + 2 + 2,4310,329,605,4,0
Xiaomi,Mi 11 Lite 5G,128 GB,6 GB,6.55,64 + 8 + 5,4250,369,1038,12,0
Apple,iPhone 11,128 GB,4 GB,6.1,12 + 12,3110,599,797,6,1
Vivo,X60 Pro,256 GB,12 GB,6.56,48 + 13 + 13,4200,799,819,13,1
Realme,Narzo 50A,64 GB,4 GB,6.5,50 + 2,5000,139,1114,17,0
Apple,iPhone 13,128GB,4GB,6.1,12MP + 12MP,2815,$799 ,1234,6,1
Samsung,Galaxy S21,128GB,8GB,6.2,64MP + 12MP + 12MP,4000,$799 ,1199,10,1
OnePlus,Nord 2,128GB,8GB,6.43,50MP + 8MP + 2MP,4500,$399 ,1103,16,1
Google,Pixel 6,128GB,8GB,6.4,50MP + 12MP,4600,$699 ,1589,6,1
Xiaomi,Poco X4 Pro,128GB,6GB,6.67,48MP + 8MP + 2MP + 2MP,5160,$329 ,999,16,1
Realme,GT Master Edition,128GB,8GB,6.43,64MP + 8MP + 2MP,4300,$399 ,1510,11,1
Vivo,X70 Pro+,256GB,12GB,6.78,50MP + 48MP + 12MP + 8MP,4450,$999 ,1008,11,0
Oppo,Reno6 Pro+,256GB,12GB,6.55,50MP + 16MP + 13MP + 2MP,4500,$699 ,1127,17,1
Motorola,Edge 20 Pro,256GB,12GB,6.7,108MP + 16MP + 8MP,4500,$699 ,1412,4,0
Nokia,XR20,128GB,6GB,6.67,48MP + 13MP,4630,$549 ,1496,7,1
Sony,Xperia 5 III,128GB,8GB,6.1,12MP + 12MP + 12MP,4500,"$1,299 ",1083,4,1
LG,Wing,256GB,8GB,6.8 + 3.9,64MP + 13MP + 12MP,4000,$999 ,668,8,1
Asus,Zenfone 8 Flip,256GB,8GB,6.67,64MP + 12MP + 8MP,5000,$899 ,1309,11,1
Blackberry,KEY2 LE,64GB,4GB,4.5,13MP + 5MP,3000,$399 ,1724,16,1
Samsung,Galaxy A72,128GB,6GB,6.7,64MP + 12MP + 8MP + 5MP,5000,$449 ,1977,14,1
Xiaomi,Redmi Note 10 Pro Max,128GB,6GB,6.67,108MP + 8MP + 5MP + 2MP,5020,$319 ,885,5,1
Realme,Narzo 50 Pro 5G,128GB,8GB,6.5,48MP + 50MP + 2MP,5000,$269 ,879,2,0
Oppo,F19 Pro+,128GB,8GB,6.43,48MP + 8MP + 2MP + 2MP,4310,$349 ,1322,12,1
Vivo,Y33s,128GB,8GB,6.58,50MP + 2MP + 2MP,5000,$269 ,1137,12,0
Motorola,Moto G60,128GB,6GB,6.8,108MP + 8MP + 2MP,6000,$279 ,1355,8,0
Nokia,5.4,64GB,4GB,6.39,48MP + 5MP + 2MP,4000,$249 ,1665,14,0
LG,K92 5G,128GB,6GB,6.7,64MP + 5MP + 2MP + 2MP,4000,$349 ,657,18,0
Asus,Zenfone 8,128GB,6GB,5.9,64MP + 12MP,4000,$699 ,593,7,0
Blackberry,KEY2,64GB,6GB,4.5,12MP + 12MP,3500,$699 ,1883,20,0
CAT,S42,32GB,3GB,5.5,13MP + 5MP,4200,$299 ,1732,11,0
Samsung,Galaxy Z Flip 3,128GB,8GB,6.7,12MP + 12MP,3300,$999 ,543,15,0
OnePlus,9 Pro,256GB,12GB,6.7,48MP + 50MP + 8MP,4500,$969 ,1939,18,1
Xiaomi,Mi 11 Ultra,256GB,12GB,6.81,50MP + 48MP + 48MP,5000,"$1,199 ",553,8,1
Oppo,A16,32GB,3GB,6.52,13MP + 2MP + 2MP,5000,$149 ,832,11,1
Vivo,Y12A,32GB,3GB,6.51,13MP + 2MP,5000,$139 ,1661,11,1
Nokia,C20 Plus,32GB,3GB,6.5,8MP + 2MP,4950,$99 ,1657,14,0
Samsung,Galaxy S20 FE 5G,128GB,6GB,6.5,12MP + 12MP + 8MP,4500,$699 ,1135,9,1
Motorola,Moto E7i Power,32GB,2GB,6.5,13MP + 2MP,5000,$99 ,1775,14,0
Xiaomi,Poco M3 Pro 5G,128GB,6GB,6.5,48MP + 2MP + 2MP,5000,$199 ,783,18,1
Realme,C21Y,64GB,4GB,6.5,13MP + 2MP + 2MP,5000,$169 ,617,7,0
Asus,ROG Phone 5,128GB,8GB,6.78,64MP + 13MP + 5MP,6000,$999 ,867,3,1
LG,Velvet 5G,128GB,6GB,6.8,48MP + 8MP + 5MP,4300,$499 ,1310,5,1
Blackberry,Evolve,64GB,6GB,5.99,12MP + 13MP,4000,$399 ,1804,20,0
Oppo,Reno 6 Pro+,256GB,12GB,6.55,50MP + 13MP + 16MP + 2MP,4500,$799 ,1900,13,0
Samsung,Galaxy A03s,64GB,4GB,6.5,13MP + 2MP + 2MP,5000,$179 ,909,4,0
Xiaomi,Redmi 10 Prime,128GB,6GB,6.5,50MP + 8MP + 2MP + 2MP,6000,$219 ,1084,10,0
Motorola,Moto G50,64GB,4GB,6.5,48MP + 5MP + 2MP,5000,$249 ,1308,9,1
Realme,Narzo 50A,64GB,4GB,6.5,50MP + 2MP,6000,$149 ,1778,14,0
Nokia,G20,64GB,4GB,6.5,48MP + 5MP,5050,$199 ,1701,6,1
Samsung,Galaxy M32,128GB,6GB,6.4,64MP + 8MP + 2MP + 2MP,6000,$279 ,772,4,1
Vivo,Y20G,64GB,4GB,6.51,13MP + 2MP + 2MP,5000,$179 ,825,6,1
Asus,Zenfone 8 Flip,128GB,8GB,6.67,64MP + 12MP + 12MP,5000,$899 ,1379,17,0
Oppo,A54,128GB,6GB,6.51,50MP + 2MP + 2MP,5000,$269 ,1166,15,0
Samsung,Galaxy F22,128GB,6GB,6.4,48MP + 8MP + 2MP + 2MP,6000,$229 ,1659,9,0
Xiaomi,Mi 11 Lite 5G,128GB,6GB,6.55,64MP + 8MP + 5MP,4250,$399 ,826,18,1
Realme,8i,128GB,4GB,6.6,50MP + 2MP + 2MP,5000,$239 ,1564,7,0
Nokia,C30,64GB,3GB,6.82,13MP + 2MP,6000,$149 ,1957,7,1
Samsung,Galaxy A32,128GB,6GB,6.4,64MP + 8MP + 5MP + 5MP,5000,$279 ,1571,13,0
Xiaomi,Redmi Note 10 Pro Max,128GB,8GB,6.67,108MP + 8MP + 5MP + 2MP,5020,$329 ,1414,7,1
Realme,C21Y,64GB,4GB,6.5,13MP + 2MP + 2MP,5000,$149 ,1790,20,1
Nokia,XR20,128GB,6GB,6.67,48MP + 13MP,4630,$549 ,645,4,0
Samsung,Galaxy A52s 5G,128GB,6GB,6.5,64MP + 12MP + 5MP + 5MP,4500,$449 ,668,7,1
Vivo,Y33s,128GB,8GB,6.58,50MP + 2MP,5000,$279 ,1652,20,1
Oppo,A16s,64GB,4GB,6.52,13MP + 2MP + 2MP,5000,$199 ,1213,9,0
Motorola,Moto G Stylus 5G,128GB,5GB,6.8,48MP + 8MP + 5MP,5000,$399 ,1272,4,1
Xiaomi,Poco M3 Pro 5G,64GB,4GB,6.5,48MP + 2MP + 2MP,5000,$179 ,866,2,1
Realme,GT Neo2,128GB,8GB,6.62,64MP + 8MP + 2MP,5000,$399 ,536,4,1
Nokia,C20 Plus,32GB,3GB,6.5,8MP + 2MP,4950,$109 ,523,9,1
Samsung,Galaxy A21s,128GB,4GB,6.5,48MP + 8MP + 2MP + 2MP,5000,$219 ,1753,17,1
Vivo,Y12s,32GB,3GB,6.51,13MP + 2MP,5000,$149 ,1218,5,1
Oppo,F19s,128GB,6GB,6.43,48MP + 2MP + 2MP,5000,$299 ,1537,17,0
Realme,Narzo 30 Pro 5G,128GB,8GB,6.5,48MP + 8MP + 2MP,5000,$279 ,786,5,1
Samsung,Galaxy A03s,32GB,3GB,6.5,13MP + 2MP + 2MP,5000,$149 ,1678,10,0
Xiaomi,Redmi 10 Prime,128GB,4GB,6.5,50MP + 8MP + 2MP + 2MP,6000,$189 ,1814,16,1
Motorola,Moto G Pure,32GB,3GB,6.5,48MP + 2MP,5000,$169 ,1101,19,0
Oppo,Reno6 Z 5G,128GB,8GB,6.4,64MP + 8MP + 2MP,4310,$389 ,1461,4,1
Samsung,Galaxy S21 Ultra 5G,256GB,12GB,6.8,108MP + 12MP + 10MP + 10MP,5000,"$1,199 ",1216,4,0
Vivo,Y53s,128GB,8GB,6.58,64MP + 2MP,5000,$299 ,506,15,0
Realme,8i,128GB,4GB,6.6,50MP + 2MP + 2MP,5000,$219 ,843,20,0
Nokia,G50,64GB,4GB,6.82,48MP + 5MP + 2MP,5000,$299 ,742,12,1
Xiaomi,Redmi 9 Activ,64GB,4GB,6.53,13MP + 2MP,5000,$149 ,1692,19,0
Oppo,A54s,128GB,6GB,6.5,50MP + 2MP + 2MP,5000,$249 ,1485,11,0
Samsung,Galaxy M22,128GB,4GB,6.4,48MP + 8MP + 2MP + 2MP,5000,$219 ,1547,3,1
Motorola,Moto G Power 2022,128GB,4GB,6.6,48MP + 8MP + 2MP,5000,$249 ,1692,6,1
Vivo,Y21s,128GB,4GB,6.51,50MP + 2MP,5000,$179 ,637,8,0
Xiaomi,Poco X3 GT,128GB,8GB,6.6,64MP + 8MP + 2MP,5000,$299 ,1224,11,0
Samsung,Galaxy F42 5G,128GB,8GB,6.6,64MP + 8MP + 5MP,5000,$309 ,1356,19,0
Oppo,A16s,128GB,4GB,6.52,13MP + 2MP + 2MP,5000,$179 ,1840,10,1
Vivo,V21e,128GB,8GB,6.44,64MP + 8MP,4000,$369 ,1481,16,1
Realme,GT Master Edition,128GB,6GB,6.43,64MP + 8MP + 2MP,4300,$349 ,961,7,1
Motorola,Edge 20 Fusion,128GB,6GB,6.7,108MP + 8MP + 2MP,5000,$499 ,1296,4,1
Samsung,Galaxy A21s,64GB,4GB,6.5,48MP + 8MP + 2MP + 2MP,5000,$199 ,1193,4,0
Xiaomi,Redmi Note 10S,128GB,6GB,6.43,64MP + 8MP + 2MP + 2MP,5000,$229 ,1441,7,1
Oppo,A74 5G,128GB,6GB,6.5,48MP + 2MP + 2MP,5000,$299 ,517,11,1
Realme,C21,64GB,3GB,6.5,13MP + 2MP + 2MP,5000,$129 ,748,7,0
Samsung,Galaxy M52 5G,128GB,6GB,6.7,64MP + 12MP + 5MP + 5MP,5000,$449 ,1126,12,0
Vivo,V21 5G,128GB,8GB,6.44,64MP + 8MP,4000,$499 ,1572,10,0
Xiaomi,Redmi Note 9 Pro Max,128GB,6GB,6.67,64MP + 8MP + 5MP + 2MP,5020,$279 ,1569,17,1
Motorola,Moto G Stylus 5G,128GB,5GB,6.8,48MP + 8MP + 5MP,5000,$399 ,1270,13,1
Oppo,Reno6 Pro+ 5G,256GB,12GB,6.55,50MP + 16MP + 13MP + 2MP,4500,$849 ,1854,20,0
Realme,Narzo 30 Pro 5G,128GB,6GB,6.5,48MP + 8MP + 2MP,5000,$279 ,625,7,1
Samsung,Galaxy A32,128GB,4GB,6.4,64MP + 8MP + 5MP + 2MP,5000,$299 ,1577,12,1
Xiaomi,Poco X3 Pro,128GB,6GB,6.67,48MP + 8MP + 2MP + 2MP,5160,$249 ,534,20,1
Realme,C25s,128GB,4GB,6.5,13MP + 2MP + 2MP,6000,$149 ,946,13,1
Motorola,Moto G Power 2021,64GB,4GB,6.6,48MP + 2MP,5000,$199 ,685,4,0
Samsung,Galaxy A52s 5G,128GB,6GB,6.5,64MP + 12MP + 5MP + 5MP,4500,$469 ,1949,20,1
Vivo,V21e 5G,128GB,8GB,6.44,64MP + 8MP,4000,$329 ,947,2,1
Oppo,A53s 5G,128GB,6GB,6.52,13MP + 2MP + 2MP,5000,$279 ,801,19,1
Realme,GT Neo2,128GB,8GB,6.62,64MP + 8MP + 2MP,5000,$369 ,703,7,0
Samsung,Galaxy M32,128GB,4GB,6.4,64MP + 8MP + 2MP + 2MP,6000,$269 ,1165,15,0
Xiaomi,Mi 11 Lite NE,128GB,6GB,6.55,64MP + 8MP + 5MP,4250,$329 ,1082,17,0
Motorola,Moto G Stylus 2021,128GB,4GB,6.4,48MP + 8MP + 2MP,4000,$299 ,959,6,1
Oppo,A54s 5G,128GB,6GB,6.5,48MP + 2MP + 2MP,5000,$299 ,1502,16,0
Samsung,Galaxy F41,128GB,6GB,6.4,64MP + 8MP + 5MP,6000,$239 ,1380,15,1
Xiaomi,Redmi Note 10 Pro,128GB,6GB,6.67,64MP + 8MP + 5MP + 2MP,5020,$329 ,1266,18,0
Realme,Narzo 50A,128GB,4GB,6.5,50MP + 2MP,5000,$149 ,1934,2,1
Oppo,A16s,64GB,4GB,6.52,13MP + 2MP + 2MP,5000,$189 ,1905,10,0
Samsung,Galaxy M52,128GB,6GB,6.7,64MP + 12MP + 5MP + 5MP,5000,$449 ,1831,13,1
Vivo,V21 5G,128GB,8GB,6.44,64MP + 8MP + 2MP,4000,$399 ,596,15,0
Motorola,Moto G50s,128GB,4GB,6.5,48MP + 5MP + 2MP,5000,$249 ,1562,6,1
Samsung,Galaxy A13,64GB,4GB,6.5,50MP + 5MP,5000,$189 ,1490,7,1
Xiaomi,Redmi 9 Activ,128GB,6GB,6.53,50MP + 2MP,5000,$209 ,1523,10,0
Realme,7i,128GB,8GB,6.5,64MP + 8MP + 2MP + 2MP,5000,$199 ,640,18,0
Oppo,A74 5G,128GB,6GB,6.5,48MP + 2MP + 2MP,5000,$299 ,1526,3,0
Samsung,Galaxy A42 5G,128GB,4GB,6.6,48MP + 8MP + 5MP + 5MP,5000,$329 ,1989,12,1
Vivo,Y33s,128GB,8GB,6.58,50MP + 2MP + 2MP,5000,$249 ,1308,4,0
Motorola,Moto G9 Power Lite,64GB,4GB,6.5,48MP + 2MP + 2MP,6000,$149 ,609,14,0
Realme,C21Y,64GB,4GB,6.5,13MP + 2MP + 2MP,5000,$119 ,1905,16,1
Samsung,Galaxy A22,128GB,4GB,6.4,48MP + 8MP + 2MP + 2MP,5000,$219 ,1703,13,0
Xiaomi,Redmi Note 10S,128GB,6GB,6.43,64MP + 8MP + 2MP + 2MP,5000,$279 ,1445,13,1
Oppo,A74,128GB,6GB,6.43,48MP + 2MP + 2MP,5000,$299 ,1087,6,0
Samsung,Galaxy A32,128GB,4GB,6.4,64MP + 8MP + 5MP + 5MP,5000,$269 ,671,15,1
Vivo,Y72 5G,128GB,8GB,6.58,64MP + 8MP + 2MP,5000,$339 ,1472,8,0
Motorola,Moto G60,128GB,6GB,6.8,108MP + 8MP + 2MP,6000,$299 ,765,4,1
Xiaomi,Mi 10i,128GB,6GB,6.67,108MP + 8MP + 2MP + 2MP,4820,$319 ,1642,17,1
Realme,Narzo 30 Pro,128GB,8GB,6.5,48MP + 8MP + 2MP,5000,$279 ,1265,12,0
Samsung,Galaxy M62,128GB,8GB,6.7,64MP + 12MP + 5MP + 5MP,7000,$429 ,664,6,1
Oppo,A53s,128GB,6GB,6.5,50MP + 2MP + 2MP,5000,$269 ,1277,6,1
Xiaomi,Redmi 10 Prime,128GB,6GB,6.5,50MP + 8MP + 2MP + 2MP,6000,$199 ,1395,13,1
Realme,C25s,128GB,4GB,6.5,13MP + 2MP + 2MP,6000,$159 ,1539,10,0
Samsung,Galaxy A12,64GB,4GB,6.5,48MP + 5MP + 2MP + 2MP,5000,$179 ,1049,13,0
Xiaomi,Poco X3 Pro,128GB,6GB,6.67,48MP + 8MP + 2MP + 2MP,5160,$299 ,1827,10,0
Samsung,Galaxy A03s,64GB,4GB,6.5,13MP + 2MP + 2MP,5000,$149 ,903,10,1
Oppo,A15s,64GB,4GB,6.52,13MP + 2MP + 2MP,4230,$169 ,1987,8,0
Realme,C11 2021,32GB,2GB,6.52,8MP + 2MP,5000,$99 ,1154,7,1
Nokia,C30,32GB,2GB,6.82,13MP + 2MP,6000,$149 ,1336,16,0
Xiaomi,Redmi 9i,64GB,4GB,6.53,13MP,5000,$139 ,1886,20,0
Samsung,Galaxy A22 5G,128GB,4GB,6.6,48MP + 5MP + 2MP,5000,$279 ,1551,4,0
Oppo,A53,128GB,6GB,6.5,13MP + 2MP + 2MP,5000,$219 ,850,10,1
Vivo,Y12s,32GB,3GB,6.51,13MP + 2MP,5000,$149 ,660,18,0
Xiaomi,Mi 11 Lite 5G,128GB,8GB,6.55,64MP + 8MP + 5MP,4250,$429 ,1225,11,1
Realme,7 5G,128GB,6GB,6.5,48MP + 8MP + 2MP,5000,$279 ,1452,13,1
Samsung,Galaxy M31s,128GB,6GB,6.5,64MP + 12MP + 5MP + 5MP,6000,$379 ,1686,2,1
Oppo,A15,32GB,3GB,6.52,13MP + 2MP + 2MP,4230,$149 ,1634,6,0
Nokia,G10,32GB,3GB,6.52,13MP + 2MP + 2MP,5050,$169 ,1708,16,1
Xiaomi,Poco X3 GT,128GB,8GB,6.6,64MP + 8MP + 2MP,5000,$329 ,1151,13,1
Realme,C25,64GB,4GB,6.5,13MP + 2MP + 2MP,6000,$179 ,1578,3,1
Xiaomi,Redmi Note 10 Pro Max,128GB,8GB,6.67,108MP + 8MP + 5MP + 2MP,5020,$329 ,1689,7,0
Samsung,Galaxy A52 5G,128GB,6GB,6.5,64MP + 12MP + 5MP + 5MP,4500,$449 ,1488,19,0
Oppo,A94,128GB,8GB,6.43,48MP + 8MP + 2MP + 2MP,4310,$399 ,1313,6,1
Vivo,Y33s,128GB,8GB,6.58,50MP + 2MP + 2MP,5000,$289 ,1715,13,1
Realme,Narzo 50A,64GB,4GB,6.5,50MP + 2MP,5000,$149 ,1442,20,1
Nokia,X20,128GB,6GB,6.67,64MP + 5MP + 2MP + 2MP,4470,$449 ,528,6,0
Xiaomi,Redmi 9 Power,128GB,4GB,6.53,48MP + 8MP + 2MP + 2MP,6000,$199 ,1523,19,0
Samsung,Galaxy M12,64GB,4GB,6.5,48MP + 5MP + 2MP + 2MP,6000,$179 ,1133,20,0
Oppo,A53s,128GB,6GB,6.5,13MP + 2MP + 2MP,5000,$229 ,1718,8,1
Vivo,Y20s G,128GB,6GB,6.51,50MP + 2MP + 2MP,5000,$209 ,1330,11,0
Realme,C21Y,64GB,4GB,6.5,13MP + 2MP + 2MP,5000,$139 ,1799,11,0
Nokia,C20 Plus,32GB,3GB,6.5,8MP + 2MP,4950,$99 ,633,16,0
Xiaomi,Redmi 10 Prime,128GB,4GB,6.5,50MP + 8MP + 2MP + 2MP,6000,$199 ,724,7,1
Oppo,Reno 6 Pro 5G,128GB,12GB,6.55,64MP + 8MP + 2MP,4500,$549 ,822,3,0
Vivo,Y31s,128GB,6GB,6.58,13MP + 2MP,5000,$239 ,1918,16,0
Realme,8 5G,128GB,8GB,6.5,48MP + 2MP,5000,$299 ,1891,11,0
Nokia,G20,64GB,4GB,6.5,48MP + 5MP + 2MP + 2MP,5050,$199 ,1373,14,1
Xiaomi,Poco X3 Pro,128GB,6GB,6.67,48MP + 8MP + 2MP + 2MP,5160,$249 ,862,11,1
Samsung,Galaxy A32 5G,128GB,4GB,6.5,48MP + 8MP + 5MP + 2MP,5000,$279 ,1273,11,0
Oppo,A16,32GB,3GB,6.52,13MP + 2MP + 2MP,5000,$149 ,957,7,0
Vivo,V21 5G,128GB,8GB,6.44,64MP + 8MP + 2MP,4000,$469 ,1617,10,1
Realme,C11 2021,32GB,2GB,6.5,8MP + 2MP,5000,$99 ,893,6,1
Nokia,5.4,128GB,4GB,6.39,48MP + 5MP + 2MP + 2MP,4000,$249 ,1210,7,0
Xiaomi,Redmi Note 10,64GB,4GB,6.43,48MP + 8MP + 2MP + 2MP,5000,$199 ,708,7,1
Samsung,Galaxy F41,64GB,6GB,6.4,64MP + 8MP + 5MP,6000,$249 ,835,15,1
Oppo,A54,128GB,6GB,6.51,48MP + 2MP + 2MP,5000,$249 ,1450,12,1
Vivo,V20 SE,128GB,8GB,6.44,48MP + 8MP + 2MP,4100,$319 ,973,2,0
Nokia,3.4,64GB,3GB,6.39,13MP + 5MP + 2MP,4000,$179 ,601,10,0
Xiaomi,Redmi Note 9 Pro Max,64GB,6GB,6.67,64MP + 8MP + 5MP + 2MP,5020,$279 ,507,5,1
Samsung,Galaxy M31s,128GB,8GB,6.5,64MP + 12MP + 5MP + 5MP,6000,$349 ,564,15,1
Oppo,A54,128GB,4GB,6.51,13MP + 2MP + 2MP,5000,$219 ,1559,3,1
Vivo,Y12s,32GB,3GB,6.51,13MP + 2MP,5000,$149 ,754,5,1
Realme,C20,32GB,2GB,6.5,8MP,5000,$99 ,728,12,1
Nokia,1.4,32GB,2GB,6.51,8MP + 2MP,4000,$119 ,1431,8,0
Xiaomi,Redmi 9 Power,64GB,4GB,6.53,48MP + 8MP + 2MP + 2MP,6000,$169 ,767,15,0
Samsung,Galaxy A02s,32GB,3GB,6.5,13MP + 2MP + 2MP,5000,$139 ,1722,15,0
Oppo,A15s,64GB,4GB,6.52,13MP + 2MP + 2MP,4230,$159 ,1992,4,0
Vivo,Y51A,128GB,8GB,6.58,48MP + 8MP + 2MP,5000,$289 ,1876,16,0
Realme,Narzo 20,64GB,4GB,6.5,48MP + 8MP + 2MP,6000,$199 ,1054,14,1
Nokia,5.3,64GB,3GB,6.55,13MP + 5MP + 2MP + 2MP,4000,$199 ,1283,17,1
Xiaomi,Redmi Note 8,64GB,4GB,6.3,48MP + 8MP + 2MP + 2MP,4000,$179 ,1281,6,1
Samsung,Galaxy M11,32GB,3GB,6.4,13MP + 5MP + 2MP,5000,130,1066,6,0
Oppo,A54,64GB,4GB,6.51,13MP + 2MP + 2MP,5000,$199 ,730,4,1
Vivo,Y20s,128GB,8GB,6.51,13MP + 2MP + 2MP,5000,$249 ,1053,5,1
Realme,C11,32GB,2GB,6.5,13MP + 2MP,5000,$99 ,1611,9,1
Nokia,2.4,32GB,2GB,6.5,8MP + 2MP,4500,$129 ,793,14,1
Xiaomi,Redmi 9,64GB,4GB,6.53,13MP + 8MP + 5MP + 2MP,5020,$149 ,1220,15,0
Samsung,Galaxy A11,32GB,2GB,6.4,13MP + 5MP + 2MP,4000,$129 ,1662,13,0
Oppo,A12,64GB,4GB,6.22,13MP + 2MP,4230,$139 ,1281,9,1
Vivo,Y20G,128GB,6GB,6.51,13MP + 2MP + 2MP,5000,$229 ,538,9,0
Realme,C15,64GB,4GB,6.5,13MP + 8MP + 2MP + 2MP,6000,$179 ,823,11,0
Nokia,3.1 Plus,32GB,3GB,6,13MP + 5MP,3500,$139 ,1733,9,0
Xiaomi,Redmi Note 7,64GB,4GB,6.3,48MP + 5MP,4000,$159 ,1429,18,1
Samsung,Galaxy A12,64GB,4GB,6.5,48MP + 5MP + 2MP + 2MP,5000,$179 ,1839,18,0
Oppo,A31,128GB,4GB,6.5,12MP + 2MP + 2MP,4230,$199 ,659,2,0
Vivo,Y15,64GB,4GB,6.35,13MP + 8MP + 2MP,5000,$189 ,1953,4,1
Realme,Narzo 10A,32GB,3GB,6.5,12MP + 2MP + 2MP,5000,$129 ,1172,6,0
Xiaomi,Redmi 9T,128GB,4GB,6.53,48MP + 8MP + 2MP + 2MP,6000,$229 ,612,3,1
Samsung,Galaxy A30s,64GB,4GB,6.4,25MP + 8MP + 5MP,4000,$279 ,1563,5,0
Samsung,Galaxy Note 20 Ultra,256,12,6.9,108+12+12,4500,1299,1191,9,1
Apple,iPhone SE (2020),64,3,4.7,12,1821,399,615,18,1
Xiaomi,Poco X3 Pro,128,6,6.67,48+8+2+2,5160,249,1893,18,1
Google,Pixel 5,128,8,6,12.2+16,4080,699,1563,8,1
Huawei,Mate 40 Pro,256,8,6.76,50+20+12+3D,4400,1199,1995,18,0
OnePlus,Nord N10 5G,128,6,6.49,64+8+2+2,4300,299,1517,11,0
Oppo,Reno 5 Pro 5G,128,8,6.55,64+8+2+2,4350,449,832,12,1
Samsung,Galaxy A71,128,6,6.7,64+12+5+5,4500,599,1162,20,0
Nokia,8.3 5G,128,8,6.81,64+12+2+2,4500,499,1595,16,0
Apple,iPhone 11 Pro Max,512,4,6.5,12+12+12,3969,1099,1329,6,0
Xiaomi,Mi 11,256,8,6.81,108+13+5,4600,749,928,5,1
Motorola,Moto G Power (2021),64,4,6.6,48+2+2,5000,199,1656,19,1
Google,Pixel 4a 5G,128,6,6.2,12.2+16,3885,499,1937,14,0
Huawei,Nova 8 Pro 5G,128,8,6.72,64+8+2+2,4000,699,977,8,1
Samsung,Galaxy A52,128,6,6.5,64+12+5+5,4500,449,768,16,0
OnePlus,8T,256,12,6.55,48+16+5+2,4500,749,1464,15,1
Xiaomi,Redmi 9,64,4,6.53,13+8+5+2,5020,149,1177,19,0
Apple,iPhone 13,128,6,6.1,12+12+12,2815,799,1348,7,0
Oppo,A15s,64,4,6.52,13+2+2,4230,159,1956,19,0
Nokia,G50 5G,128,4,6.82,48+5+2,4850,299,1751,17,1
Apple,iPhone XR,64,3,6.1,12+7,2942,599,1530,19,0
Samsung,Galaxy S21 Ultra 5G,256,12,6.8,108+10+10+12,5000,1199,1997,15,1
Xiaomi,Redmi Note 10 Pro,128,6,6.67,108+8+5+2,5020,279,1414,13,1
Oppo,Find X3 Neo 5G,256,12,6.55,50+16+13+2,4500,899,1707,10,0
Huawei,P40 Pro,256,8,6.58,50+12+40+3D,4200,1099,894,6,1
OnePlus,9 Pro,256,12,6.7,48+50+8+2,4500,969,645,13,0
Motorola,Moto G Stylus (2021),128,4,6.4,48+8+2,4000,299,1163,12,1
Google,Pixel 4,128,6,5.7,12.2+16,2800,799,1126,13,0
Samsung,Galaxy A12,128,4,6.5,48+5+2+2,5000,179,1648,6,0
Nokia,5.4,64,4,6.39,48+5+2+2,4000,179,1170,20,0
Apple,iPhone 12,128,4,6.1,12+12,2815,799,508,7,0
Xiaomi,Redmi 10,128,4,6.5,50+8+2+2,5000,229,1097,9,1
Oppo,A94 5G,128,8,6.43,48+8+2+2,4310,399,728,5,1
Huawei,Nova 9 Pro 5G,256,8,6.72,50+8+16+2,4500,699,1980,18,1
Samsung,Galaxy S10 Lite,128,6,6.7,48+12+5,4500,649,1504,10,1
OnePlus,8 Pro,256,12,6.78,48+48+8+5,4510,999,1379,7,1
Nokia,7.2,128,6,6.3,48+8+5,3500,349,1698,14,0
Xiaomi,Mi 10T Pro,256,8,6.67,108+13+5,5000,599,920,5,1
Apple,iPhone 11,64,4,6.1,12+12+12,3110,699,1144,8,1
Oppo,F19 Pro+ 5G,128,8,6.43,64+8+2+2,4310,419,1995,7,0
Motorola,Moto G Power (2021),64,3,6.6,48+2+2,5000,199,1430,15,1
Samsung,Galaxy A71,128,6,6.7,64+12+5+5,4500,399,972,13,1
Huawei,Mate 30 Pro 5G,256,8,6.53,40+40+8+3D,4500,1099,662,15,0
Xiaomi,Poco X3 Pro,128,6,6.67,48+8+2+2,5160,249,1867,2,0
Google,Pixel 5,128,8,6,12.2+16,4080,699,1730,12,1
Apple,iPhone SE (2020),64,3,4.7,12,1821,399,1723,16,0
Samsung,Galaxy M51,128,6,6.7,64+12+5+5,7000,449,1882,11,1
Oppo,Reno4 Pro 5G,256,12,6.55,48+12+13,4000,799,803,12,1
Nokia,3.4,64,4,6.39,13+5+2,4000,179,580,11,1
Motorola,Moto G9 Plus,128,4,6.81,64+8+2+2,5000,279,668,4,0
Apple,iPhone XS Max,256,4,6.5,12+12,3174,1099,1391,14,0
Samsung,Galaxy A32 5G,128,4,6.5,48+8+5+2,5000,279,1560,16,0
Xiaomi,Redmi Note 9S,128,6,6.67,48+8+5+2,5020,249,821,15,1
Oppo,A92,128,8,6.5,48+8+2+2,5000,399,811,2,1
Huawei,P30 Pro,256,8,6.47,40+20+8+ToF,4200,999,1989,18,1
Samsung,Galaxy S20 FE 5G,128,6,6.5,12+12+8,4500,699,1034,12,1
OnePlus,7 Pro,256,8,6.67,48+16+8,4000,699,618,15,0
Nokia,6.2,128,4,6.3,16+8+5,3500,249,654,13,0
Xiaomi,Mi 10T Lite,128,6,6.67,64+8+2+2,4820,279,576,5,0
Apple,iPhone 8 Plus,64,3,5.5,12+12,2691,699,667,19,0
Oppo,A53,128,4,6.5,13+2+2,5000,249,869,8,0
Motorola,Moto G8 Power,64,4,6.4,16+8+8+2,5000,229,635,18,1
Huawei,Nova 7i,128,8,6.4,48+8+2+2,4200,329,609,15,0
Samsung,Galaxy S21+ 5G,256,8,6.7,12+64+12,4800,999,1557,9,1
Xiaomi,Mi 11 Lite,128,6,6.55,64+8+5,4250,399,1604,12,0
Nokia,8.3 5G,128,8,6.81,64+12+2+2,4500,499,1182,19,0
OnePlus,Nord,128,8,6.44,48+8+5+2,4115,449,848,14,1
Apple,iPhone XR,64,3,6.1,12,2942,499,1610,9,0
Samsung,Galaxy A12,128,4,6.5,48+5+2+2,5000,179,1828,4,1
Oppo,A94 5G,128,8,6.43,48+8+2+2,4310,399,880,6,1
Xiaomi,Redmi 9T,128,4,6.53,48+8+2+2,6000,199,1394,20,1
Motorola,Moto G10,128,4,6.5,48+8+2+2,5000,199,1960,11,1
Samsung,Galaxy A52 5G,128,6,6.5,64+12+5+5,4500,449,809,3,0
Huawei,P40 Pro+,512,8,6.58,50+40+12+3D,4200,1399,899,7,1
Apple,iPhone 11 Pro Max,64,4,6.5,12+12+12,3969,1099,1976,13,1
Samsung,Galaxy Note20 5G,256,8,6.7,12+64+12,4300,999,879,11,1
Xiaomi,Poco M3,128,4,6.53,48+2+2,6000,179,916,14,0
Nokia,5.4,64,4,6.39,48+5+2+2,4000,179,763,8,1
Oppo,Find X3 Neo 5G,256,12,6.55,50+16+13+2,4500,799,508,10,1
Samsung,Galaxy S20 Ultra 5G,512,16,6.9,108+48+12+3D,5000,1399,825,10,1
Xiaomi,Redmi Note 9S,128,6,6.67,48+8+5+2,5020,229,1864,18,0
Apple,iPhone 12 mini,256,4,5.4,12+12,2227,899,1725,5,1
Samsung,Galaxy A21s,128,6,6.5,48+8+2+2,5000,199,1108,13,0
OnePlus,9,128,8,6.55,48+50+2,4500,729,1011,16,0
Motorola,Moto G9 Power,128,4,6.8,64+2+2,6000,229,1703,20,1
Samsung,Galaxy Z Fold2 5G,256,12,7.6 (unfolded),12+12+12,4500,1999,1067,16,1
Xiaomi,Mi 10T Pro 5G,128,8,6.67,108+13+5,5000,599,1334,8,0
Oppo,Reno4 Pro 5G,256,12,6.5,48+13+12+2,4000,799,775,9,0
Huawei,P40 Pro,256,8,6.58,50+12+40+3D,4200,999,1899,4,0
Samsung,Galaxy S20 FE 5G,128,6,6.5,12+12+8,4500,699,930,17,1
Nokia,2.4,32,2,6.5,13+2,4500,139,1058,16,0
Apple,iPhone SE (2020),128,3,4.7,12,1821,449,1187,8,0
Xiaomi,Redmi 9C,64,3,6.53,13+2+2,5000,119,1874,2,1
Samsung,Galaxy A32 5G,128,4,6.5,48+8+5+2,5000,279,1482,12,0
OnePlus,Nord N10 5G,128,6,6.49,64+8+2+2,4300,299,1809,16,0
Huawei,Y7p,64,4,6.39,48+8+2,4000,199,864,16,1
Apple,iPhone 12 Pro,128,6,6.1,12+12+12,2815,999,625,2,0
Samsung,Galaxy A42 5G,128,4,6.6,48+8+5+5,5000,329,1880,7,0
Xiaomi,Redmi Note 10 Pro,128,6,6.67,108+8+5+2,5020,329,1138,3,0
Samsung,Galaxy S21,128,8,6.2,64+12+12,4000,799,560,18,0
Apple,iPhone 11,128,4,6.1,12+12,3110,749,1117,16,0
Xiaomi,Redmi 9T,128,4,6.53,48+8+2+2,6000,199,1712,19,0
Google,Pixel 5,128,8,6,12.2+16,4080,699,1836,18,1
Huawei,Nova 7i,128,8,6.4,48+8+2+2,4200,349,1036,2,0
Samsung,Galaxy S20 Ultra 5G,128,12,6.9,108+48+12+0.3,5000,1199,1860,8,0
OnePlus,8T,128,8,6.55,48+16+5+2,4500,749,1375,10,0
Motorola,Moto G8 Power,64,4,6.4,16+8+8+2,5000,199,1945,14,1
Realme,7,128,8,6.5,64+8+2+2,5000,299,1896,18,1
Apple,iPhone XR,128,3,6.1,12+12,2942,599,788,6,1
Xiaomi,Poco M3,128,4,6.53,48+2+2,6000,149,880,7,1
Samsung,Galaxy A52 5G,128,6,6.5,64+12+5+5,4500,449,1323,15,1
Oppo,A93,128,8,6.43,48+8+2+2,4000,319,1868,7,1
Motorola,Moto G Pro,128,4,6.4,48+16+2,4000,329,1266,4,1
Huawei,P30 Lite,128,4,6.15,48+8+2,3340,329,1042,20,1
Samsung,Galaxy Note20 5G,128,8,6.7,12+64+12,4300,1049,1479,6,0
Xiaomi,Mi 10 Lite 5G,128,6,6.57,48+8+2+2,4160,349,1476,3,1
Apple,iPhone 12 Pro Max,128,6,6.7,12+12+12,3687,1099,1552,9,0
Oppo,Reno3,128,8,6.4,48+13+8+2,4025,429,1454,5,1
Samsung,Galaxy S10 Lite,128,6,6.7,48+12+5,4500,649,1007,16,0
